title,link,description
Flower,https://en.wikipedia.org/wiki/Flower,No description
flower překlad z angličtiny do češtiny,https://slovnik.seznam.cz/preklad/anglicky_cesky/flower,No description
100000+ Best Flower Images · 100% Free Download,https://www.pexels.com/search/flowers/,No description
"Flower | Definition, Parts, Anatomy, Types,& Facts",https://www.britannica.com/science/flower,No description
400000+ Free Flowers Images & Flower Photos [HD],https://pixabay.com/images/search/flowers/,No description
Dívky - FLOWER KIDS,https://www.flowerkids.cz/divky/,No description
Flower: A Friendly Federated Learning Framework,https://flower.ai/,No description
500+ Flower Pictures [HD] | Download Free Images on ...,https://unsplash.com/images/nature/flower,No description
Dopamine flower,https://dopamine-flower.cz/,No description
